Time,Commitment,Opinion
0,2,1
5,1,2;2;2;2;2
10,3,1;1;1;1;1
15,2,3;3;3;3;3
20,3,2;2;2;2;2
25,3,3;3;3;3;3
30,3,3;3;3;3;3
35,3,3;3;3;3;3
40,1,3;3;3;3;3
45,1,1;1;1;1;1
50,3,1;1;1;1;1
55,1,3;3;3;3;3
60,3,1;1;1;1;1
65,3,3;3;3;3;3
70,2,3;3;3;3;3
75,3,2;2;2;2;2
80,3,3;3;3;3;3
85,3,3;3;3;3;3
90,3,3;3;3;3;3
95,3,3;3;3;3;3
100,3,3;3;3;3;3
105,3,3;3;3;3;3
110,1,3;3;3;3;3
115,1,1;1;1;1;1
120,2,1;1;1;1;1
125,3,2;2;2;2;2
130,2,3;3;3;3;3
135,3,2;2;2;2;2
140,2,3;3;3;3;3
145,2,2;2;2;2;2
150,2,2;2;2;2;2
155,3,2;2;2;2;2
160,3,3;3;3;3;3
165,3,3;3;3;3;3
170,3,3;3;3;3;3
175,3,3;3;3;3;3
180,2,3;3;3;3;3
185,3,2;2;2;2;2
190,1,3;3;3;3;3
195,3,1;1;1;1;1
200,3,3;3;3;3;3
205,3,3;3;3;3;3
210,3,3;3;3;3;3
215,3,3;3;3;3;3
220,3,3;3;3;3;3
225,3,3;3;3;3;3
230,1,3;3;3;3;3
235,3,1;1;1;1;1
240,3,3;3;3;3;3
245,2,3;3;3;3;3
250,2,2;2;2;2;2
255,1,2;2;2;2;2
260,1,1;1;1;1;1
265,2,1;1;1;1;1
270,1,2;2;2;2;2
275,3,1;1;1;1;1
280,2,3;3;3;3;3
285,1,2;2;2;2;2
290,3,1;1;1;1;1
295,2,3;3;3;3;3
300,3,2;2;2;2;2
305,2,3;3;3;3;3
310,3,2;2;2;2;2
315,2,3;3;3;3;3
320,2,2;2;2;2;2
325,1,2;2;2;2;2
330,3,1;1;1;1;1
335,1,3;3;3;3;3
340,2,1;1;1;1;1
345,1,2;2;2;2;2
350,2,1;1;1;1;1
355,3,2;2;2;2;2
360,1,3;3;3;3;3
365,1,1;1;1;1;1
370,1,1;1;1;1;1
375,3,1;1;1;1;1
380,3,3;3;3;3;3
385,3,3;3;3;3;3
390,1,3;3;3;3;3
395,1,1;1;1;1;1
400,1,1;1;1;1;1
405,1,1;1;1;1;1
410,1,1;1;1;1;1
415,1,1;1;1;1;1
420,1,1;1;1;1;1
425,1,1;1;1;1;1
430,1,1;1;1;1;1
435,1,1;1;1;1;1
440,1,1;1;1;1;1
445,2,1;1;1;1;1
450,1,2;2;2;2;2
455,1,1;1;1;1;1
460,3,1;1;1;1;1
465,2,3;3;3;3;3
470,3,2;2;2;2;2
475,1,3;3;3;3;3
480,2,1;1;1;1;1
485,3,2;2;2;2;2
490,3,3;3;3;3;3
495,3,3;3;3;3;3
500,1,3;3;3;3;3
505,1,1;1;1;1;1
510,1,1;1;1;1;1
515,1,1;1;1;1;1
520,3,1;1;1;1;1
525,1,3;3;3;3;3
530,1,1;1;1;1;1
535,1,1;1;1;1;1
540,2,1;1;1;1;1
545,2,2;2;2;2;2
550,2,2;2;2;2;2
555,1,2;2;2;2;2
560,1,1;1;1;1;1
565,1,1;1;1;1;1
570,1,1;1;1;1;1
575,1,1;1;1;1;1
580,3,1;1;1;1;1
585,1,3;3;3;3;3
590,1,1;1;1;1;1
595,1,1;1;1;1;1
600,1,1;1;1;1;1
605,1,1;1;1;1;1
610,1,1;1;1;1;1
615,1,1;1;1;1;1
620,1,1;1;1;1;1
625,1,1;1;1;1;1
630,1,1;1;1;1;1
635,1,1;1;1;1;1
640,1,1;1;1;1;1
645,1,1;1;1;1;1
650,3,1;1;1;1;1
655,1,3;3;3;3;3
660,1,1;1;1;1;1
665,1,1;1;1;1;1
670,1,1;1;1;1;1
675,1,1;1;1;1;1
680,1,1;1;1;1;1
685,1,1;1;1;1;1
690,1,1;1;1;1;1
695,3,1;1;1;1;1
700,1,3;3;3;3;3
705,3,1;1;1;1;1
710,1,3;3;3;3;3
715,3,1;1;1;1;1
720,1,3;3;3;3;3
725,3,1;1;1;1;1
730,3,3;3;3;3;3
735,2,3;3;3;3;3
740,2,2;2;2;2;2
745,2,2;2;2;2;2
750,2,2;2;2;2;2
755,1,2;2;2;2;2
760,3,1;1;1;1;1
765,3,3;3;3;3;3
770,2,3;3;3;3;3
775,2,2;2;2;2;2
780,1,2;2;2;2;2
785,3,1;1;1;1;1
790,2,3;3;3;3;3
795,1,2;2;2;2;2
800,3,1;1;1;1;1
805,3,3;3;3;3;3
810,3,3;3;3;3;3
815,1,3;3;3;3;3
820,1,1;1;1;1;1
825,2,1;1;1;1;1
830,3,2;2;2;2;2
835,1,3;3;3;3;3
840,3,1;1;1;1;1
845,1,3;3;3;3;3
850,3,1;1;1;1;1
855,2,3;3;3;3;3
860,2,2;2;2;2;2
865,2,2;2;2;2;2
870,1,2;2;2;2;2
875,1,1;1;1;1;1
880,1,1;1;1;1;1
885,1,1;1;1;1;1
890,3,1;1;1;1;1
895,3,3;3;3;3;3
900,3,3;3;3;3;3
905,2,3;3;3;3;3
910,3,2;2;2;2;2
915,3,3;3;3;3;3
920,3,3;3;3;3;3
925,2,3;3;3;3;3
930,3,2;2;2;2;2
935,1,3;3;3;3;3
940,3,1;1;1;1;1
945,1,3;3;3;3;3
950,3,1;1;1;1;1
955,1,3;3;3;3;3
960,3,1;1;1;1;1
965,2,3;3;3;3;3
970,3,2;2;2;2;2
975,1,3;3;3;3;3
980,1,1;1;1;1;1
985,3,1;1;1;1;1
990,3,3;3;3;3;3
995,1,3;3;3;3;3
1000,1,1;1;1;1;1
1005,2,1;1;1;1;1
1010,3,2;2;2;2;2
1015,3,3;3;3;3;3
1020,3,3;3;3;3;3
1025,3,3;3;3;3;3
1030,3,3;3;3;3;3
1035,2,3;3;3;3;3
1040,1,2;2;2;2;2
1045,3,1;1;1;1;1
1050,1,3;3;3;3;3
1055,1,1;1;1;1;1
1060,1,1;1;1;1;1
1065,1,1;1;1;1;1
1070,1,1;1;1;1;1
1075,2,1;1;1;1;1
1080,1,2;2;2;2;2
1085,1,1;1;1;1;1
1090,3,1;1;1;1;1
1095,3,3;3;3;3;3
1100,1,3;3;3;3;3
1105,1,1;1;1;1;1
1110,1,1;1;1;1;1
1115,3,1;1;1;1;1
1120,1,3;3;3;3;3
1125,3,1;1;1;1;1
1130,2,3;3;3;3;3
1135,2,2;2;2;2;2
1140,3,2;2;2;2;2
1145,1,3;3;3;3;3
1150,1,1;1;1;1;1
1155,2,1;1;1;1;1
1160,1,2;2;2;2;2
1165,1,1;1;1;1;1
1170,1,1;1;1;1;1
1175,1,1;1;1;1;1
1180,1,1;1;1;1;1
1185,1,1;1;1;1;1
1190,2,1;1;1;1;1
1195,1,2;2;2;2;2
1200,2,1;1;1;1;1
1205,2,2;2;2;2;2
1210,1,2;2;2;2;2
1215,3,1;1;1;1;1
1220,2,3;3;3;3;3
1225,1,2;2;2;2;2
1230,1,1;1;1;1;1
1235,2,1;1;1;1;1
1240,1,2;2;2;2;2
1245,1,1;1;1;1;1
1250,1,1;1;1;1;1
1255,2,1;1;1;1;1
1260,2,2;2;2;2;2
1265,1,2;2;2;2;2
1270,2,1;1;1;1;1
1275,1,2;2;2;2;2
1280,1,1;1;1;1;1
1285,1,1;1;1;1;1
1290,1,1;1;1;1;1
1295,2,1;1;1;1;1
1300,2,2;2;2;2;2
1305,1,2;2;2;2;2
1310,1,1;1;1;1;1
1315,2,1;1;1;1;1
1320,2,2;2;2;2;2
1325,2,2;2;2;2;2
1330,1,2;2;2;2;2
1335,3,1;1;1;1;1
1340,3,3;3;3;3;3
1345,1,3;3;3;3;3
1350,1,1;1;1;1;1
1355,1,1;1;1;1;1
1360,2,1;1;1;1;1
1365,1,2;2;2;2;2
1370,3,1;1;1;1;1
1375,3,3;3;3;3;3
1380,1,3;3;3;3;3
1385,3,1;1;1;1;1
1390,3,3;3;3;3;3
1395,2,3;3;3;3;3
1400,1,2;2;2;2;2
1405,1,1;1;1;1;1
1410,1,1;1;1;1;1
1415,3,1;1;1;1;1
1420,3,3;3;3;3;3
1425,1,3;3;3;3;3
1430,1,1;1;1;1;1
1435,2,1;1;1;1;1
1440,3,2;2;2;2;2
1445,1,3;3;3;3;3
1450,3,1;1;1;1;1
1455,2,3;3;3;3;3
1460,2,2;2;2;2;2
1465,2,2;2;2;2;2
1470,3,2;2;2;2;2
1475,1,3;3;3;3;3
1480,2,1;1;1;1;1
1485,1,2;2;2;2;2
1490,2,1;1;1;1;1
1495,2,2;2;2;2;2
1500,2,2;2;2;2;2
1505,1,2;2;2;2;2
1510,3,1;1;1;1;1
1515,1,3;3;3;3;3
1520,2,1;1;1;1;1
1525,2,2;2;2;2;2
1530,3,2;2;2;2;2
1535,1,3;3;3;3;3
1540,2,1;1;1;1;1
1545,1,2;2;2;2;2
1550,3,1;1;1;1;1
1555,3,3;3;3;3;3
1560,3,3;3;3;3;3
1565,2,3;3;3;3;3
1570,1,2;2;2;2;2
1575,3,1;1;1;1;1
1580,1,3;3;3;3;3
1585,3,1;1;1;1;1
1590,3,3;3;3;3;3
1595,3,3;3;3;3;3
1600,1,3;3;3;3;3
1605,1,1;1;1;1;1
1610,2,1;1;1;1;1
1615,1,2;2;2;2;2
1620,1,1;1;1;1;1
1625,1,1;1;1;1;1
1630,1,1;1;1;1;1
1635,1,1;1;1;1;1
1640,1,1;1;1;1;1
1645,3,1;1;1;1;1
1650,1,3;3;3;3;3
1655,3,1;1;1;1;1
1660,1,3;3;3;3;3
1665,3,1;1;1;1;1
1670,1,3;3;3;3;3
1675,2,1;1;1;1;1
1680,1,2;2;2;2;2
1685,2,1;1;1;1;1
1690,2,2;2;2;2;2
1695,2,2;2;2;2;2
1700,1,2;2;2;2;2
1705,3,1;1;1;1;1
1710,1,3;3;3;3;3
1715,1,1;1;1;1;1
1720,1,1;1;1;1;1
1725,2,1;1;1;1;1
1730,2,2;2;2;2;2
1735,2,2;2;2;2;2
1740,2,2;2;2;2;2
1745,1,2;2;2;2;2
1750,1,1;1;1;1;1
1755,2,1;1;1;1;1
1760,2,2;2;2;2;2
1765,2,2;2;2;2;2
1770,3,2;2;2;2;2
1775,2,3;3;3;3;3
1780,2,2;2;2;2;2
1785,2,2;2;2;2;2
1790,2,2;2;2;2;2
1795,2,2;2;2;2;2
1800,2,2;2;2;2;2
1805,2,2;2;2;2;2
1810,2,2;2;2;2;2
1815,2,2;2;2;2;2
1820,3,2;2;2;2;2
1825,3,3;3;3;3;3
1830,3,3;3;3;3;3
1835,3,3;3;3;3;3
1840,2,3;3;3;3;3
1845,2,2;2;2;2;2
1850,2,2;2;2;2;2
1855,2,2;2;2;2;2
1860,2,2;2;2;2;2
1865,2,2;2;2;2;2
1870,2,2;2;2;2;2
1875,1,2;2;2;2;2
1880,2,1;1;1;1;1
1885,2,2;2;2;2;2
1890,2,2;2;2;2;2
1895,2,2;2;2;2;2
1900,2,2;2;2;2;2
1905,3,2;2;2;2;2
1910,3,3;3;3;3;3
1915,1,3;3;3;3;3
1920,2,1;1;1;1;1
1925,1,2;2;2;2;2
1930,2,1;1;1;1;1
1935,1,2;2;2;2;2
1940,1,1;1;1;1;1
1945,1,1;1;1;1;1
1950,2,1;1;1;1;1
1955,3,2;2;2;2;2
1960,3,3;3;3;3;3
1965,2,3;3;3;3;3
1970,2,2;2;2;2;2
1975,3,2;2;2;2;2
1980,2,3;3;3;3;3
1985,1,2;2;2;2;2
1990,2,1;1;1;1;1
1995,2,2;2;2;2;2
2000,3,2;2;2;2;2
2005,2,3;3;3;3;3
2010,3,2;2;2;2;2
2015,3,3;3;3;3;3
2020,3,3;3;3;3;3
2025,2,3;3;3;3;3
2030,3,2;2;2;2;2
2035,2,3;3;3;3;3
2040,2,2;2;2;2;2
2045,3,2;2;2;2;2
2050,2,3;3;3;3;3
2055,3,2;2;2;2;2
2060,2,3;3;3;3;3
2065,2,2;2;2;2;2
2070,2,2;2;2;2;2
2075,2,2;2;2;2;2
2080,2,2;2;2;2;2
2085,2,2;2;2;2;2
2090,2,2;2;2;2;2
2095,2,2;2;2;2;2
2100,3,2;2;2;2;2
2105,2,3;3;3;3;3
2110,2,2;2;2;2;2
2115,2,2;2;2;2;2
2120,2,2;2;2;2;2
2125,2,2;2;2;2;2
2130,2,2;2;2;2;2
2135,2,2;2;2;2;2
2140,2,2;2;2;2;2
2145,2,2;2;2;2;2
2150,3,2;2;2;2;2
2155,2,3;3;3;3;3
2160,3,2;2;2;2;2
2165,2,3;3;3;3;3
2170,2,2;2;2;2;2
2175,3,2;2;2;2;2
2180,3,3;3;3;3;3
2185,3,3;3;3;3;3
2190,3,3;3;3;3;3
2195,2,3;3;3;3;3
2200,2,2;2;2;2;2
2205,3,2;2;2;2;2
2210,1,3;3;3;3;3
2215,3,1;1;1;1;1
2220,2,3;3;3;3;3
2225,2,2;2;2;2;2
2230,2,2;2;2;2;2
2235,3,2;2;2;2;2
2240,2,3;3;3;3;3
2245,3,2;2;2;2;2
2250,3,3;3;3;3;3
2255,3,3;3;3;3;3
2260,3,3;3;3;3;3
2265,3,3;3;3;3;3
2270,3,3;3;3;3;3
2275,3,3;3;3;3;3
2280,3,3;3;3;3;3
2285,3,3;3;3;3;3
2290,3,3;3;3;3;3
2295,3,3;3;3;3;3
2300,3,3;3;3;3;3
2305,3,3;3;3;3;3
2310,2,3;3;3;3;3
2315,3,2;2;2;2;2
2320,2,3;3;3;3;3
2325,3,2;2;2;2;2
2330,3,3;3;3;3;3
2335,2,3;3;3;3;3
2340,3,2;2;2;2;2
2345,2,3;3;3;3;3
2350,3,2;2;2;2;2
2355,3,3;3;3;3;3
2360,2,3;3;3;3;3
2365,2,2;2;2;2;2
2370,2,2;2;2;2;2
2375,3,2;2;2;2;2
2380,2,3;3;3;3;3
2385,3,2;2;2;2;2
2390,3,3;3;3;3;3
2395,2,3;3;3;3;3
2400,3,2;2;2;2;2
2405,2,3;3;3;3;3
2410,3,2;2;2;2;2
2415,3,3;3;3;3;3
2420,2,3;3;3;3;3
2425,2,2;2;2;2;2
2430,2,2;2;2;2;2
2435,2,2;2;2;2;2
2440,2,2;2;2;2;2
2445,2,2;2;2;2;2
2450,2,2;2;2;2;2
2455,2,2;2;2;2;2
2460,2,2;2;2;2;2
2465,2,2;2;2;2;2
2470,2,2;2;2;2;2
2475,1,2;2;2;2;2
2480,1,1;1;1;1;1
2485,2,1;1;1;1;1
2490,1,2;2;2;2;2
2495,1,1;1;1;1;1
2500,1,1;1;1;1;1
2505,2,1;1;1;1;1
2510,1,2;2;2;2;2
2515,1,1;1;1;1;1
2520,1,1;1;1;1;1
2525,1,1;1;1;1;1
2530,1,1;1;1;1;1
2535,1,1;1;1;1;1
2540,1,1;1;1;1;1
2545,1,1;1;1;1;1
2550,1,1;1;1;1;1
2555,1,1;1;1;1;1
2560,2,1;1;1;1;1
2565,1,2;2;2;2;2
2570,2,1;1;1;1;1
2575,2,2;2;2;2;2
2580,1,2;2;2;2;2
2585,1,1;1;1;1;1
2590,1,1;1;1;1;1
2595,2,1;1;1;1;1
2600,2,2;2;2;2;2
2605,1,2;2;2;2;2
2610,1,1;1;1;1;1
2615,2,1;1;1;1;1
2620,1,2;2;2;2;2
2625,1,1;1;1;1;1
2630,2,1;1;1;1;1
2635,2,2;2;2;2;2
2640,1,2;2;2;2;2
2645,2,1;1;1;1;1
2650,2,2;2;2;2;2
2655,1,2;2;2;2;2
2660,1,1;1;1;1;1
2665,2,1;1;1;1;1
2670,1,2;2;2;2;2
2675,1,1;1;1;1;1
2680,2,1;1;1;1;1
2685,1,2;2;2;2;2
2690,1,1;1;1;1;1
2695,1,1;1;1;1;1
2700,2,1;1;1;1;1
2705,2,2;2;2;2;2
2710,1,2;2;2;2;2
2715,1,1;1;1;1;1
2720,1,1;1;1;1;1
2725,2,1;1;1;1;1
2730,2,2;2;2;2;2
2735,1,2;2;2;2;2
2740,1,1;1;1;1;1
2745,2,1;1;1;1;1
2750,1,2;2;2;2;2
2755,1,1;1;1;1;1
2760,2,1;1;1;1;1
2765,2,2;2;2;2;2
2770,1,2;2;2;2;2
2775,1,1;1;1;1;1
2780,1,1;1;1;1;1
2785,2,1;1;1;1;1
2790,2,2;2;2;2;2
2795,1,2;2;2;2;2
2800,2,1;1;1;1;1
2805,1,2;2;2;2;2
2810,2,1;1;1;1;1
2815,2,2;2;2;2;2
2820,2,2;2;2;2;2
2825,1,2;2;2;2;2
2830,2,1;1;1;1;1
2835,1,2;2;2;2;2
2840,1,1;1;1;1;1
2845,2,1;1;1;1;1
2850,2,2;2;2;2;2
2855,1,2;2;2;2;2
2860,2,1;1;1;1;1
2865,1,2;2;2;2;2
2870,2,1;1;1;1;1
2875,2,2;2;2;2;2
2880,1,2;2;2;2;2
2885,1,1;1;1;1;1
2890,2,1;1;1;1;1
2895,2,2;2;2;2;2
2900,1,2;2;2;2;2
2905,2,1;1;1;1;1
2910,2,2;2;2;2;2
2915,2,2;2;2;2;2
2920,2,2;2;2;2;2
2925,2,2;2;2;2;2
2930,2,2;2;2;2;2
2935,2,2;2;2;2;2
2940,1,2;2;2;2;2
2945,1,1;1;1;1;1
2950,2,1;1;1;1;1
2955,1,2;2;2;2;2
2960,1,1;1;1;1;1
2965,1,1;1;1;1;1
2970,1,1;1;1;1;1
2975,2,1;1;1;1;1
2980,2,2;2;2;2;2
2985,2,2;2;2;2;2
2990,1,2;2;2;2;2
2995,2,1;1;1;1;1
3000,2,2;2;2;2;2
3005,2,2;2;2;2;2
3010,2,2;2;2;2;2
3015,2,2;2;2;2;2
3020,2,2;2;2;2;2
3025,2,2;2;2;2;2
3030,2,2;2;2;2;2
3035,2,2;2;2;2;2
3040,2,2;2;2;2;2
3045,2,2;2;2;2;2
3050,2,2;2;2;2;2
3055,2,2;2;2;2;2
3060,2,2;2;2;2;2
3065,2,2;2;2;2;2
3070,2,2;2;2;2;2
3075,1,2;2;2;2;2
3080,2,1;1;1;1;1
3085,2,2;2;2;2;2
3090,1,2;2;2;2;2
3095,2,1;1;1;1;1
3100,2,2;2;2;2;2
3105,2,2;2;2;2;2
3110,2,2;2;2;2;2
3115,2,2;2;2;2;2
3120,2,2;2;2;2;2
3125,2,2;2;2;2;2
3130,2,2;2;2;2;2
3135,2,2;2;2;2;2
3140,2,2;2;2;2;2
3145,2,2;2;2;2;2
3150,2,2;2;2;2;2
3155,2,2;2;2;2;2
3160,2,2;2;2;2;2
3165,2,2;2;2;2;2
3170,2,2;2;2;2;2
3175,2,2;2;2;2;2
3180,1,2;2;2;2;2
3185,2,1;1;1;1;1
3190,1,2;2;2;2;2
3195,1,1;1;1;1;1
3200,1,1;1;1;1;1
3205,2,1;1;1;1;1
3210,2,2;2;2;2;2
3215,2,2;2;2;2;2
3220,1,2;2;2;2;2
3225,2,1;1;1;1;1
3230,1,2;2;2;2;2
3235,2,1;1;1;1;1
3240,1,2;2;2;2;2
3245,2,1;1;1;1;1
3250,2,2;2;2;2;2
3255,1,2;2;2;2;2
3260,2,1;1;1;1;1
3265,2,2;2;2;2;2
3270,2,2;2;2;2;2
3275,2,2;2;2;2;2
3280,2,2;2;2;2;2
3285,2,2;2;2;2;2
3290,2,2;2;2;2;2
3295,2,2;2;2;2;2
3300,2,2;2;2;2;2
3305,2,2;2;2;2;2
3310,1,2;2;2;2;2
3315,2,1;1;1;1;1
3320,2,2;2;2;2;2
3325,1,2;2;2;2;2
3330,2,1;1;1;1;1
3335,2,2;2;2;2;2
3340,2,2;2;2;2;2
3345,1,2;2;2;2;2
3350,2,1;1;1;1;1
3355,2,2;2;2;2;2
3360,2,2;2;2;2;2
3365,1,2;2;2;2;2
3370,1,1;1;1;1;1
3375,2,1;1;1;1;1
3380,1,2;2;2;2;2
3385,1,1;1;1;1;1
3390,2,1;1;1;1;1
3395,2,2;2;2;2;2
3400,1,2;2;2;2;2
3405,2,1;1;1;1;1
3410,1,2;2;2;2;2
3415,2,1;1;1;1;1
3420,2,2;2;2;2;2
3425,1,2;2;2;2;2
3430,2,1;1;1;1;1
3435,2,2;2;2;2;2
3440,2,2;2;2;2;2
3445,2,2;2;2;2;2
3450,1,2;2;2;2;2
3455,2,1;1;1;1;1
3460,1,2;2;2;2;2
3465,2,1;1;1;1;1
3470,1,2;2;2;2;2
3475,1,1;1;1;1;1
3480,2,1;1;1;1;1
3485,2,2;2;2;2;2
3490,1,2;2;2;2;2
3495,2,1;1;1;1;1
3500,2,2;2;2;2;2
3505,1,2;2;2;2;2
3510,2,1;1;1;1;1
3515,2,2;2;2;2;2
3520,1,2;2;2;2;2
3525,2,1;1;1;1;1
3530,2,2;2;2;2;2
3535,2,2;2;2;2;2
3540,2,2;2;2;2;2
3545,2,2;2;2;2;2
3550,2,2;2;2;2;2
3555,2,2;2;2;2;2
3560,2,2;2;2;2;2
3565,2,2;2;2;2;2
3570,2,2;2;2;2;2
3575,1,2;2;2;2;2
3580,2,1;1;1;1;1
3585,2,2;2;2;2;2
3590,2,2;2;2;2;2
3595,1,2;2;2;2;2
3600,2,1;1;1;1;1
3605,2,2;2;2;2;2
3610,2,2;2;2;2;2
3615,2,2;2;2;2;2
3620,2,2;2;2;2;2
3625,1,2;2;2;2;2
3630,2,1;1;1;1;1
3635,1,2;2;2;2;2
3640,1,1;1;1;1;1
3645,2,1;1;1;1;1
3650,2,2;2;2;2;2
3655,1,2;2;2;2;2
3660,1,1;1;1;1;1
3665,1,1;1;1;1;1
3670,2,1;1;1;1;1
3675,2,2;2;2;2;2
3680,2,2;2;2;2;2
3685,1,2;2;2;2;2
3690,2,1;1;1;1;1
3695,1,2;2;2;2;2
3700,2,1;1;1;1;1
3705,1,2;2;2;2;2
3710,2,1;1;1;1;1
3715,2,2;2;2;2;2
3720,2,2;2;2;2;2
3725,1,2;2;2;2;2
3730,2,1;1;1;1;1
3735,1,2;2;2;2;2
3740,1,1;1;1;1;1
3745,1,1;1;1;1;1
3750,1,1;1;1;1;1
3755,1,1;1;1;1;1
3760,1,1;1;1;1;1
3765,1,1;1;1;1;1
3770,1,1;1;1;1;1
3775,1,1;1;1;1;1
3780,1,1;1;1;1;1
3785,1,1;1;1;1;1
3790,1,1;1;1;1;1
3795,1,1;1;1;1;1
3800,1,1;1;1;1;1
3805,1,1;1;1;1;1
3810,1,1;1;1;1;1
3815,1,1;1;1;1;1
3820,1,1;1;1;1;1
3825,1,1;1;1;1;1
3830,1,1;1;1;1;1
3835,1,1;1;1;1;1
3840,1,1;1;1;1;1
3845,1,1;1;1;1;1
3850,1,1;1;1;1;1
3855,1,1;1;1;1;1
3860,1,1;1;1;1;1
3865,1,1;1;1;1;1
3870,1,1;1;1;1;1
3875,1,1;1;1;1;1
3880,1,1;1;1;1;1
3885,1,1;1;1;1;1
3890,1,1;1;1;1;1
3895,1,1;1;1;1;1
3900,1,1;1;1;1;1
3905,1,1;1;1;1;1
3910,1,1;1;1;1;1
3915,1,1;1;1;1;1
3920,1,1;1;1;1;1
3925,1,1;1;1;1;1
3930,1,1;1;1;1;1
3935,1,1;1;1;1;1
3940,1,1;1;1;1;1
3945,1,1;1;1;1;1
3950,1,1;1;1;1;1
3955,1,1;1;1;1;1
3960,1,1;1;1;1;1
3965,1,1;1;1;1;1
3970,1,1;1;1;1;1
3975,1,1;1;1;1;1
3980,1,1;1;1;1;1
3985,1,1;1;1;1;1
3990,1,1;1;1;1;1
3995,1,1;1;1;1;1
4000,1,1;1;1;1;1
4005,1,1;1;1;1;1
4010,1,1;1;1;1;1
4015,1,1;1;1;1;1
4020,1,1;1;1;1;1
4025,1,1;1;1;1;1
4030,1,1;1;1;1;1
4035,1,1;1;1;1;1
4040,1,1;1;1;1;1
4045,1,1;1;1;1;1
4050,1,1;1;1;1;1
4055,1,1;1;1;1;1
4060,1,1;1;1;1;1
4065,1,1;1;1;1;1
4070,1,1;1;1;1;1
4075,1,1;1;1;1;1
4080,1,1;1;1;1;1
4085,1,1;1;1;1;1
4090,1,1;1;1;1;1
4095,1,1;1;1;1;1
4100,1,1;1;1;1;1
4105,1,1;1;1;1;1
4110,1,1;1;1;1;1
4115,1,1;1;1;1;1
4120,1,1;1;1;1;1
4125,1,1;1;1;1;1
4130,1,1;1;1;1;1
4135,1,1;1;1;1;1
4140,1,1;1;1;1;1
4145,1,1;1;1;1;1
4150,1,1;1;1;1;1
4155,1,1;1;1;1;1
4160,1,1;1;1;1;1
4165,1,1;1;1;1;1
4170,1,1;1;1;1;1
4175,1,1;1;1;1;1
4180,1,1;1;1;1;1
4185,1,1;1;1;1;1
4190,1,1;1;1;1;1
4195,1,1;1;1;1;1
4200,1,1;1;1;1;1
4205,1,1;1;1;1;1
4210,1,1;1;1;1;1
4215,1,1;1;1;1;1
4220,1,1;1;1;1;1
4225,1,1;1;1;1;1
4230,1,1;1;1;1;1
4235,1,1;1;1;1;1
4240,1,1;1;1;1;1
4245,1,1;1;1;1;1
4250,1,1;1;1;1;1
4255,1,1;1;1;1;1
4260,1,1;1;1;1;1
4265,1,1;1;1;1;1
4270,1,1;1;1;1;1
4275,1,1;1;1;1;1
4280,1,1;1;1;1;1
4285,1,1;1;1;1;1
4290,1,1;1;1;1;1
4295,1,1;1;1;1;1
4300,1,1;1;1;1;1
4305,1,1;1;1;1;1
4310,1,1;1;1;1;1
4315,1,1;1;1;1;1
4320,1,1;1;1;1;1
4325,1,1;1;1;1;1
4330,1,1;1;1;1;1
4335,1,1;1;1;1;1
4340,1,1;1;1;1;1
4345,1,1;1;1;1;1
4350,1,1;1;1;1;1
4355,1,1;1;1;1;1
4360,1,1;1;1;1;1
4365,1,1;1;1;1;1
4370,1,1;1;1;1;1
4375,1,1;1;1;1;1
4380,1,1;1;1;1;1
4385,1,1;1;1;1;1
4390,1,1;1;1;1;1
4395,1,1;1;1;1;1
4400,1,1;1;1;1;1
4405,1,1;1;1;1;1
4410,1,1;1;1;1;1
4415,1,1;1;1;1;1
4420,1,1;1;1;1;1
4425,1,1;1;1;1;1
4430,1,1;1;1;1;1
4435,1,1;1;1;1;1
4440,1,1;1;1;1;1
4445,1,1;1;1;1;1
4450,1,1;1;1;1;1
4455,1,1;1;1;1;1
4460,1,1;1;1;1;1
4465,1,1;1;1;1;1
4470,1,1;1;1;1;1
4475,1,1;1;1;1;1
4480,1,1;1;1;1;1
4485,1,1;1;1;1;1
4490,1,1;1;1;1;1
4495,1,1;1;1;1;1
4500,1,1;1;1;1;1
4505,1,1;1;1;1;1
4510,1,1;1;1;1;1
4515,1,1;1;1;1;1
4520,1,1;1;1;1;1
4525,1,1;1;1;1;1
4530,1,1;1;1;1;1
4535,1,1;1;1;1;1
4540,1,1;1;1;1;1
4545,1,1;1;1;1;1
4550,1,1;1;1;1;1
4555,1,1;1;1;1;1
4560,1,1;1;1;1;1
4565,1,1;1;1;1;1
4570,1,1;1;1;1;1
4575,1,1;1;1;1;1
4580,1,1;1;1;1;1
4585,1,1;1;1;1;1
4590,1,1;1;1;1;1
4595,1,1;1;1;1;1
4600,1,1;1;1;1;1
4605,1,1;1;1;1;1
4610,1,1;1;1;1;1
4615,1,1;1;1;1;1
4620,1,1;1;1;1;1
4625,1,1;1;1;1;1
4630,1,1;1;1;1;1
4635,1,1;1;1;1;1
4640,1,1;1;1;1;1
4645,1,1;1;1;1;1
4650,1,1;1;1;1;1
4655,1,1;1;1;1;1
4660,1,1;1;1;1;1
4665,1,1;1;1;1;1
4670,1,1;1;1;1;1
4675,1,1;1;1;1;1
4680,1,1;1;1;1;1
4685,1,1;1;1;1;1
4690,1,1;1;1;1;1
4695,1,1;1;1;1;1
4700,1,1;1;1;1;1
4705,1,1;1;1;1;1
4710,1,1;1;1;1;1
4715,1,1;1;1;1;1
4720,1,1;1;1;1;1
4725,1,1;1;1;1;1
4730,1,1;1;1;1;1
4735,1,1;1;1;1;1
4740,1,1;1;1;1;1
4745,1,1;1;1;1;1
4750,1,1;1;1;1;1
4755,1,1;1;1;1;1
4760,1,1;1;1;1;1
4765,1,1;1;1;1;1
4770,1,1;1;1;1;1
4775,1,1;1;1;1;1
4780,1,1;1;1;1;1
4785,1,1;1;1;1;1
4790,1,1;1;1;1;1
4795,1,1;1;1;1;1
4800,1,1;1;1;1;1
4805,1,1;1;1;1;1
4810,1,1;1;1;1;1
4815,1,1;1;1;1;1
4820,1,1;1;1;1;1
4825,1,1;1;1;1;1
4830,1,1;1;1;1;1
4835,1,1;1;1;1;1
4840,1,1;1;1;1;1
4845,1,1;1;1;1;1
4850,1,1;1;1;1;1
4855,1,1;1;1;1;1
4860,1,1;1;1;1;1
4865,1,1;1;1;1;1
4870,1,1;1;1;1;1
4875,1,1;1;1;1;1
4880,1,1;1;1;1;1
4885,1,1;1;1;1;1
4890,1,1;1;1;1;1
4895,1,1;1;1;1;1
4900,1,1;1;1;1;1
4905,1,1;1;1;1;1
4910,1,1;1;1;1;1
4915,1,1;1;1;1;1
4920,1,1;1;1;1;1
4925,1,1;1;1;1;1
4930,1,1;1;1;1;1
4935,1,1;1;1;1;1
4940,1,1;1;1;1;1
4945,1,1;1;1;1;1
4950,1,1;1;1;1;1
4955,1,1;1;1;1;1
4960,1,1;1;1;1;1
4965,1,1;1;1;1;1
4970,1,1;1;1;1;1
4975,1,1;1;1;1;1
4980,1,1;1;1;1;1
4985,1,1;1;1;1;1
4990,1,1;1;1;1;1
4995,1,1;1;1;1;1
5000,1,1;1;1;1;1
5005,1,1;1;1;1;1
5010,1,1;1;1;1;1
5015,1,1;1;1;1;1
5020,1,1;1;1;1;1
5025,1,1;1;1;1;1
5030,1,1;1;1;1;1
5035,1,1;1;1;1;1
5040,1,1;1;1;1;1
5045,1,1;1;1;1;1
5050,1,1;1;1;1;1
5055,1,1;1;1;1;1
5060,1,1;1;1;1;1
5065,1,1;1;1;1;1
5070,1,1;1;1;1;1
5075,1,1;1;1;1;1
5080,1,1;1;1;1;1
5085,1,1;1;1;1;1
5090,1,1;1;1;1;1
5095,1,1;1;1;1;1
5100,1,1;1;1;1;1
5105,1,1;1;1;1;1
5110,1,1;1;1;1;1
5115,1,1;1;1;1;1
5120,1,1;1;1;1;1
5125,1,1;1;1;1;1
5130,1,1;1;1;1;1
5135,1,1;1;1;1;1
5140,1,1;1;1;1;1
5145,1,1;1;1;1;1
5150,1,1;1;1;1;1
5155,1,1;1;1;1;1
5160,1,1;1;1;1;1
5165,1,1;1;1;1;1
5170,1,1;1;1;1;1
5175,1,1;1;1;1;1
5180,1,1;1;1;1;1
5185,1,1;1;1;1;1
5190,1,1;1;1;1;1
5195,1,1;1;1;1;1
5200,1,1;1;1;1;1
5205,1,1;1;1;1;1
5210,1,1;1;1;1;1
5215,1,1;1;1;1;1
5220,1,1;1;1;1;1
5225,1,1;1;1;1;1
5230,1,1;1;1;1;1
5235,1,1;1;1;1;1
5240,1,1;1;1;1;1
5245,1,1;1;1;1;1
5250,1,1;1;1;1;1
5255,1,1;1;1;1;1
5260,1,1;1;1;1;1
5265,1,1;1;1;1;1
5270,1,1;1;1;1;1
5275,1,1;1;1;1;1
5280,1,1;1;1;1;1
5285,1,1;1;1;1;1
5290,1,1;1;1;1;1
5295,1,1;1;1;1;1
5300,1,1;1;1;1;1
5305,1,1;1;1;1;1
5310,1,1;1;1;1;1
5315,1,1;1;1;1;1
5320,1,1;1;1;1;1
5325,1,1;1;1;1;1
5330,1,1;1;1;1;1
5335,1,1;1;1;1;1
5340,1,1;1;1;1;1
5345,1,1;1;1;1;1
5350,1,1;1;1;1;1
5355,1,1;1;1;1;1
